epoch,batch_size,training_accuracy,validation_accuracy,loss,validation_loss
2,2,0.46889999508857727,0.553600013256073,1.4656192064285278,1.258011817932129
