tuning_accuracy,normal_accuracy
0.9722222222222222,0.9666666666666667
0.9694444444444444,0.9805555555555555
0.9805555555555555,0.9777777777777777
